id,name,email,country
1,Robert Phillips,usullivan@example.com,Nauru
2,Cynthia Jimenez,mitchellbridges@example.net,French Polynesia
3,Valerie Greene,oking@example.com,Vanuatu
4,Kenneth Thomas,santosjeremy@example.com,Jamaica
5,Anna Acosta,daltoncarolyn@example.com,Sri Lanka
6,Shawn Williams,dixonpamela@example.com,Jordan
7,Wayne Ramirez,jweiss@example.com,Bangladesh
8,Eric Bryant,keyjeffrey@example.org,Nauru
9,Nathan Quinn Jr.,thomas44@example.com,Swaziland
10,Paul Vincent,lisa86@example.org,Kenya
11,Jonathan Morrow,bentonrhonda@example.org,Turkey
12,Todd Palmer,davidmaxwell@example.net,Switzerland
13,Erica Mercado,nathanielanderson@example.com,New Zealand
14,Teresa Herrera,dylan13@example.com,Iceland
15,Victor Deleon,samantha63@example.com,Palestinian Territory
16,Linda Gomez,millerlori@example.org,Japan
17,Ms. Karen Yu,wfernandez@example.org,Ecuador
18,Perry Brown,blaircheryl@example.org,Iraq
19,Rhonda Maldonado,darlene61@example.com,Taiwan
20,Sabrina Bass,brendandonovan@example.net,Grenada
21,Alison Ortiz,dduncan@example.com,Somalia
22,Joseph Nguyen,albertcollins@example.net,Niger
23,John Clark,rskinner@example.org,Morocco
24,Vincent Kelley,chris71@example.com,Korea
25,Casey Johnson,christopher62@example.org,Pakistan
26,Nicholas Coleman,vegamelanie@example.org,Svalbard & Jan Mayen Islands
27,Carol Ortiz,kevin26@example.com,Qatar
28,Chad Key,michaelkent@example.com,Wallis and Futuna
29,Jacob Moore,walkerashley@example.com,Paraguay
30,Michelle Barnett,patricia35@example.com,India
31,Michael Garcia MD,nmcintyre@example.com,Chile
32,Gregory Woods,marykelly@example.org,Tuvalu
33,Allison Compton,daniellecampos@example.com,Oman
34,Catherine Garrett,denisehopkins@example.com,Saint Martin
35,Samuel Church,sarah86@example.net,Bahrain
36,Julie Lopez,hector13@example.net,Korea
37,Zachary Fernandez,nmorrison@example.org,Morocco
38,Alison Mitchell,wford@example.com,Turkey
39,Daniel Moreno,emilyespinoza@example.org,Singapore
40,Deborah Cisneros,omarquez@example.net,Russian Federation
41,Deborah Underwood,pearsonlatoya@example.org,Nepal
42,Roberto Brown,antoniojordan@example.org,Burundi
43,Jessica Gates,christopher45@example.org,Chile
44,Isabel Walker,gary40@example.org,Marshall Islands
45,Sarah Hill,seancole@example.org,Dominican Republic
46,Ashley Massey,jacevedo@example.org,Congo
47,Joe Jones,moorehaley@example.org,Palau
48,Shawna Weaver,brandonlopez@example.com,Bhutan
49,Elizabeth Brown,mendezheather@example.org,Micronesia
50,Regina Williams,charles36@example.com,Indonesia
51,Jennifer Williams,cookclinton@example.org,Bhutan
52,Amber Hines,ocoleman@example.net,Latvia
53,Adam Mcdaniel,garywatkins@example.com,Senegal
54,Marisa Hart,qbryant@example.com,Reunion
55,Michael Rodriguez,heatherjames@example.com,Northern Mariana Islands
56,Crystal Burns,danielenglish@example.com,Antigua and Barbuda
57,Travis Green,vmills@example.net,Timor-Leste
58,Brian Jennings,hpena@example.com,Albania
59,Paul Schultz,ygaines@example.org,Sudan
60,Andrew Williamson,rfoley@example.net,Gambia
61,Jaime Torres,ecowan@example.net,Nauru
62,Mrs. Tammy Leblanc,amy26@example.org,Poland
63,Sara Harrington,georgejames@example.org,Kiribati
64,John Johnson,kylewiley@example.org,Lithuania
65,Logan Ryan,hfigueroa@example.org,Palau
66,Brian Gomez,smithmaria@example.org,Bulgaria
67,Kathleen Reed,rford@example.org,Saint Helena
68,Christopher Garrison,juansloan@example.com,Myanmar
69,Christine Williams,zachary39@example.org,Argentina
70,Andrea Mata,xowens@example.com,Denmark
71,Tiffany Jones,bradley80@example.org,Sri Lanka
72,Catherine Beasley,aaronfigueroa@example.org,Korea
73,Gerald Bailey,kentnatalie@example.com,Falkland Islands (Malvinas)
74,Miguel Underwood,jeffreybrown@example.org,Cape Verde
75,Erin Wood,qfreeman@example.com,Netherlands
76,Dawn Howe,ymoran@example.org,Cote d'Ivoire
77,Mrs. Dana Jones,jessicahenderson@example.com,Antigua and Barbuda
78,Heather Cruz,mhughes@example.org,American Samoa
79,Jenna Huerta,william95@example.com,Nicaragua
80,Lindsay Burch,nichole28@example.net,Sierra Leone
81,William Black,jasonsalazar@example.net,Singapore
82,Benjamin Jacobson,jessica89@example.org,Faroe Islands
83,Deanna Clark,dustindickerson@example.com,Kazakhstan
84,Maurice Price,jennifer02@example.org,Australia
85,Kevin Burke,ashley86@example.com,Ethiopia
86,Michael Bray,hmiller@example.net,Belgium
87,Edward Davenport,lewisadam@example.org,Israel
88,Kristin Johnson,vrodriguez@example.net,Dominican Republic
89,Kristina Parker,woodsdenise@example.org,Mayotte
90,James Kelly,richardholmes@example.net,Luxembourg
91,Dr. Hunter Conrad MD,gonzalezbryan@example.org,Cyprus
92,Jacob Cunningham,zpratt@example.com,Croatia
93,Shannon Hardy,pamelagilmore@example.org,Paraguay
94,Roy Morris,doylejacob@example.org,Yemen
95,Matthew Sanders,johnsonryan@example.org,Sao Tome and Principe
96,Lance Castro,kennedyamanda@example.net,United States of America
97,Albert Nielsen,marquezeric@example.org,Belize
98,Jennifer Walker,grayelizabeth@example.org,Suriname
99,Amy Knight,deborahherrera@example.org,Greece
100,Brenda Austin,hillzachary@example.com,Botswana
101,Michael Thomas,ashleyyang@example.com,Martinique
102,David Wilson,patriciayoung@example.org,Turkmenistan
103,Melody King,michael65@example.com,Swaziland
104,James Parsons,juanrivera@example.net,Algeria
105,Lindsey Johnson,padams@example.com,Anguilla
106,Steven Rasmussen,molinaloretta@example.com,Guyana
107,Steven Prince,robert04@example.com,Solomon Islands
108,Michael Simpson,amandamurphy@example.net,Morocco
109,Travis Matthews,omar21@example.org,Argentina
110,Dr. Christopher Petty II,daniellerivera@example.com,Palestinian Territory
111,Ruben Ware,duanemartin@example.com,Iraq
112,Aaron Curry,robertortega@example.net,Mongolia
113,Susan Bailey,elizabeth62@example.org,Sweden
114,Darrell Garrett,josephjennifer@example.net,Paraguay
115,Derek Parker,jacobevans@example.org,Israel
116,April Anderson,michele91@example.net,Martinique
117,Colleen West,xdonovan@example.net,Syrian Arab Republic
118,Dr. Belinda Wilson DDS,jenniferpaul@example.com,Rwanda
119,Wendy David,stacey10@example.com,Cyprus
120,Adrian Price,peter84@example.net,Sierra Leone
121,Kimberly Anderson,tracy80@example.org,French Polynesia
122,Willie Wyatt,ian40@example.org,Hungary
123,Bradley Olson,hmoore@example.org,Libyan Arab Jamahiriya
124,Lee Romero,paul31@example.net,San Marino
125,Todd Williams,uhammond@example.com,Equatorial Guinea
126,Scott Marquez,pbowman@example.org,Saudi Arabia
127,Heather Vega,osnyder@example.com,Congo
128,Anthony Newton,ashley30@example.net,Switzerland
129,Janice Davis,taylor09@example.org,Northern Mariana Islands
130,Christopher Bradford,qclements@example.net,Israel
131,Vanessa Rivera,brownmary@example.com,Micronesia
132,Michael Woods,jramsey@example.net,Guinea
133,Brian Edwards,gina50@example.org,Congo
134,David Osborne,jmadden@example.com,Heard Island and McDonald Islands
135,David Wallace,jay14@example.org,Armenia
136,Alec Lawson,kathy48@example.org,Vietnam
137,Aaron Garcia,qleonard@example.net,Tanzania
138,Courtney Hull,lanerachel@example.com,Guernsey
139,David Hernandez,zpetersen@example.com,Palau
140,Elizabeth Murray,williamyoder@example.net,Cote d'Ivoire
141,Lauren Schultz,ioneill@example.com,Niger
142,Kimberly Mendoza,kgarcia@example.com,Nicaragua
143,Debra Guerrero,stephanie77@example.com,Hungary
144,David Lopez,morrislisa@example.net,Tuvalu
145,Peter Larson,calvingordon@example.com,Kazakhstan
146,Jeff Williams,wtownsend@example.org,Cuba
147,Thomas Velasquez,louis47@example.org,Trinidad and Tobago
148,David Meyer,xparsons@example.net,Haiti
149,Jillian Larsen,mark37@example.net,Samoa
150,Gregory Gilmore,jaypittman@example.net,Western Sahara
